{
  "project_info": {
    "project_number": "971595682181",
    "project_id": "dbpiggyb",
    "storage_bucket": "dbpiggyb.appspot.com"
  },
  "client": [
    {
      "client_info": {
        "mobilesdk_app_id": "1:971595682181:android:145e1550ecb1748d7b74ec",
        "android_client_info": {
          "package_name": "com.example.projectpiggybank"
        }
      },
      "oauth_client": [
        {
          "client_id": "971595682181-kuk9nic20rsg76c5cddmu3j3tu29va8u.apps.googleusercontent.com",
          "client_type": 3
        }
      ],
      "api_key": [
        {
          "current_key": "AIzaSyDysuVtEVQHp0sBuESgl-Bmguvm5PPoINA"
        }
      ],
      "services": {
        "appinvite_service": {
          "other_platform_oauth_client": [
            {
              "client_id": "971595682181-kuk9nic20rsg76c5cddmu3j3tu29va8u.apps.googleusercontent.com",
              "client_type": 3
            }
          ]
        }
      }
    }
  ],
  "configuration_version": "1"
}